Employee ID,DOB,DOJ,Department_ID
IU196557,1983-02-23T00:00:00Z,2009-10-31T00:00:00Z,IDEPT4938
IU449901,1985-09-02T00:00:00Z,2009-06-07T00:00:00Z,IDEPT2357
IU206427,1971-07-30T00:00:00Z,2008-05-09T00:00:00Z,IDEPT4670
IU688905,1973-07-20T00:00:00Z,2002-01-17T00:00:00Z,IDEPT2601
IU634582,1991-11-16T00:00:00Z,2000-02-13T00:00:00Z,IDEPT7626
IU138624,1979-05-18T00:00:00Z,2006-09-27T00:00:00Z,IDEPT3778
IU932068,1985-07-12T00:00:00Z,2013-05-04T00:00:00Z,IDEPT4132
IU572796,1978-01-14T00:00:00Z,2008-01-03T00:00:00Z,IDEPT1142
IU134670,1980-12-15T00:00:00Z,2002-01-15T00:00:00Z,IDEPT7626
IU393717,1973-04-03T00:00:00Z,2009-08-18T00:00:00Z,IDEPT1825
IU175125,1985-07-13T00:00:00Z,2001-10-17T00:00:00Z,IDEPT1615
IU232618,1979-02-12T00:00:00Z,2012-02-03T00:00:00Z,IDEPT2601
IU760609,1983-04-20T00:00:00Z,2006-01-01T00:00:00Z,IDEPT1537
IU508242,1988-04-05T00:00:00Z,1999-08-12T00:00:00Z,IDEPT5109
IU240338,1994-03-21T00:00:00Z,2011-02-16T00:00:00Z,IDEPT5881
IU826824,1988-05-22T00:00:00Z,2007-09-23T00:00:00Z,IDEPT8313
IU544227,1990-11-05T00:00:00Z,2008-08-15T00:00:00Z,IDEPT5127
IU817422,1990-07-07T00:00:00Z,2006-04-17T00:00:00Z,IDEPT3778
IU917848,1976-08-14T00:00:00Z,2002-08-12T00:00:00Z,IDEPT2357
IU635586,1991-04-28T00:00:00Z,2004-07-27T00:00:00Z,IDEPT6347
IU423398,1990-06-24T00:00:00Z,2006-06-09T00:00:00Z,IDEPT4938
IU846275,1974-09-09T00:00:00Z,2008-08-21T00:00:00Z,IDEPT1615
IU509287,1975-10-06T00:00:00Z,2009-11-16T00:00:00Z,IDEPT1615
IU168857,1992-03-22T00:00:00Z,2001-05-10T00:00:00Z,IDEPT5109
IU125595,1992-09-04T00:00:00Z,2006-07-09T00:00:00Z,IDEPT1367
IU423522,1977-07-10T00:00:00Z,2006-01-16T00:00:00Z,IDEPT5109
IU937233,1992-06-18T00:00:00Z,2010-06-21T00:00:00Z,IDEPT5881
IU710285,1970-10-25T00:00:00Z,2011-04-07T00:00:00Z,IDEPT3115
IU951593,1991-11-24T00:00:00Z,2007-04-11T00:00:00Z,IDEPT6347
IU740065,1990-04-20T00:00:00Z,1999-11-22T00:00:00Z,IDEPT1423
IU306793,1976-12-16T00:00:00Z,2008-02-05T00:00:00Z,IDEPT1378
IU364794,1994-07-10T00:00:00Z,2012-03-02T00:00:00Z,IDEPT7626
IU877470,1991-11-10T00:00:00Z,2005-07-31T00:00:00Z,IDEPT4938
IU486705,1983-02-13T00:00:00Z,2001-09-12T00:00:00Z,IDEPT1825
IU511664,1987-07-29T00:00:00Z,2006-07-24T00:00:00Z,IDEPT1825